<?xml version="1.0" encoding="UTF-8"?>
<metadata modelVersion="1.1.0">
  <groupId>net.sourceforge</groupId>
  <artifactId>net.sourceforge.gxl</artifactId>
  <version>0.92-SNAPSHOT</version>
  <versioning>
    <snapshot>
      <localCopy>true</localCopy>
    </snapshot>
    <lastUpdated>20190115143745</lastUpdated>
    <snapshotVersions>
      <snapshotVersion>
        <extension>jar</extension>
        <value>0.92-SNAPSHOT</value>
        <updated>20190115143745</updated>
      </snapshotVersion>
      <snapshotVersion>
        <extension>pom</extension>
        <value>0.92-SNAPSHOT</value>
        <updated>20190115135222</updated>
      </snapshotVersion>
    </snapshotVersions>
  </versioning>
</metadata>
